<?xml version="1.0"?>
<!DOCTYPE greeter SYSTEM "greeter.dtd">
<greeter>
	<item type="rect">
		<normal color="#301030"/>
		<pos x="0" y="0" width="100%" height="100%"/>
	</item>
	<item type="pixmap">
		<normal file="lambda.png"/>
		<pos x="0" y="0" width="100%" height="92%"/>
	</item>
	<item type="rect">
		<normal color="#101010"/>
		<pos x="0" y="92%" width="100%" height="8%"/>
		<fixed>
			<item type="rect">
				<normal color="#303030"/>
				<pos x="0" y="2" width="100%" height="100%"/>
				<box orientation="horizontal" spacing="10" xpadding="10">
					<item type="rect" id="language_button" button="true">
						<pos y="50%" anchor="w" width="box" height="box"/>
						<box orientation="horizontal" spacing="10" xpadding="10" ypadding="50">
							<item type="pixmap">
								<normal file="options.png" tint="#707070"/>
								<prelight file="options.png"/>
								<active file="options.png" tint="#cccccc"/>
								<pos y="50%" anchor="w"/>
							</item>
							<item type="label">
								<normal color="#909090" font="Sans Bold 21"/>
								<prelight color="#ffffff" font="Sans Bold 21"/>
								<active color="#cccccc" font="Sans Bold 21"/>
								<pos y="50%" anchor="w"/>

	        <text>_Language</text>
	        <text xml:lang="bg">_Език</text>
	        <text xml:lang="ca">_Llengua</text>
	        <text xml:lang="cs">_Jazyk</text>
	        <text xml:lang="da">S_prog</text>
	        <text xml:lang="de">_Sprache</text>
	        <text xml:lang="el">Γ_λώσσα</text>
	        <text xml:lang="es">_Idioma</text>
	        <text xml:lang="et">_Keel</text>
	        <text xml:lang="fi">_Kieli</text>
	        <text xml:lang="fr">_Langue</text>
	        <text xml:lang="gl">_Lingua</text>
	        <text xml:lang="hu">Nyelv</text>
	        <text xml:lang="ja">言語(_L)</text>
	        <text xml:lang="ko">언어(_L)</text>
	        <text xml:lang="lt">_Kalba</text>
	        <text xml:lang="lv">_Valoda</text>
	        <text xml:lang="ms">_Bahasa</text>
	        <text xml:lang="nl">_Taal</text>
	        <text xml:lang="no">S_pråk</text>
	        <text xml:lang="pl">_Język</text>
	        <text xml:lang="pt">_Idioma</text>
	        <text xml:lang="pt_BR">_Idioma</text>
	        <text xml:lang="ru">_Язык</text>
	        <text xml:lang="sk">_Jazyk</text>
	        <text xml:lang="sl">_Jezik</text>
	        <text xml:lang="sv">S_pråk</text>
	        <text xml:lang="vi">N_gôn ngữ</text>
	        <text xml:lang="zh_CN">语言(_L)</text>
	        <text xml:lang="zh_TW">語言(_L)</text>


							</item>
						</box>
					</item>
					<item type="rect" id="session_button" button="true">
						<pos y="50%" anchor="w" width="box" height="box"/>
						<box orientation="horizontal" spacing="10" xpadding="10" ypadding="50">
							<item type="pixmap">
								<normal file="options.png" tint="#707070"/>
								<prelight file="options.png"/>
								<active file="options.png" tint="#cccccc"/>
								<pos y="50%" anchor="w"/>
							</item>
							<item type="label">
								<normal color="#909090" font="Sans Bold 21"/>
								<prelight color="#ffffff" font="Sans Bold 21"/>
								<active color="#cccccc" font="Sans Bold 21"/>
								<pos y="50%" anchor="w"/>

	        <text>_Session</text>
	        <text xml:lang="bg">_Сесия</text>
	        <text xml:lang="ca">_Sessió</text>
	        <text xml:lang="cs">_Sezení</text>
	        <text xml:lang="da">_Session</text>
	        <text xml:lang="de">_Sitzung</text>
	        <text xml:lang="el">Συνε_δρία</text>
	        <text xml:lang="es">_Sesión</text>
	        <text xml:lang="et">_Sessioon</text>
	        <text xml:lang="fi">_Istunto</text>
	        <text xml:lang="fr">_Session</text>
	        <text xml:lang="gl">_Sesión</text>
	        <text xml:lang="hu">Munkafolyamat</text>
	        <text xml:lang="ja">セッション(_S)</text>
	        <text xml:lang="ko">세션(_S)</text>
	        <text xml:lang="lt">_Sesija</text>
	        <text xml:lang="lv">_Sesija</text>
	        <text xml:lang="ms">_Sesi</text>
	        <text xml:lang="nl">_Sessie</text>
	        <text xml:lang="no">_Sesjon</text>
	        <text xml:lang="pl">_Sesja</text>
	        <text xml:lang="pt">_Sessão</text>
	        <text xml:lang="pt_BR">_Sessão</text>
	        <text xml:lang="ru">_Сеанс</text>
	        <text xml:lang="sk">_Sedenie</text>
	        <text xml:lang="sl">_Seja</text>
	        <text xml:lang="sv">_Session</text>
	        <text xml:lang="vi">_Session</text>
	        <text xml:lang="zh_CN">会话(_S)</text>
	        <text xml:lang="zh_TW">作業階段(_S)</text>

							</item>
						</box>
					</item>
					<item type="rect" id="system_button" button="true">
						<show modes="console" type="system"/>
						<pos y="50%" anchor="w" width="box" height="box"/>
						<box orientation="horizontal" spacing="10" xpadding="10" ypadding="50">
							<item type="pixmap">
								<normal file="options.png" tint="#707070"/>
								<prelight file="options.png"/>
								<active file="options.png" tint="#cccccc"/>
								<pos y="50%" anchor="w"/>
							</item>
							<item type="label">
								<normal color="#909090" font="Sans Bold 21"/>
								<prelight color="#ffffff" font="Sans Bold 21"/>
								<active color="#cccccc" font="Sans Bold 21"/>
								<pos y="50%" anchor="w"/>

	        <text>S_ystem</text>
	        <text xml:lang="bg">_Състема</text>
	        <text xml:lang="ca">S_istema</text>
	        <text xml:lang="cs">S_ystém</text>
	        <text xml:lang="da">S_ystem</text>
	        <text xml:lang="de">S_ystem</text>
	        <text xml:lang="el">_Σύστημα</text>
	        <text xml:lang="es">S_istema</text>
	        <text xml:lang="et">S_üsteem</text>
	        <text xml:lang="fi">_Järjestelmä</text>
	        <text xml:lang="fr">S_ystème</text>
	        <text xml:lang="gl">S_istema</text>
	        <text xml:lang="hu">_Rendszer</text>
	        <text xml:lang="ja">システム(_y)</text>
	        <text xml:lang="ko">시스템(_Y)</text>
	        <text xml:lang="lt">S_istema</text>
	        <text xml:lang="lv">S_istēma</text>
	        <text xml:lang="ms">S_istem</text>
	        <text xml:lang="nl">S_ysteem</text>
	        <text xml:lang="no">S_ystem</text>
	        <text xml:lang="pl">_Systemowe</text>
	        <text xml:lang="pt">S_istema</text>
	        <text xml:lang="pt_BR">Sis_tema</text>
	        <text xml:lang="ru">_Система</text>
	        <text xml:lang="sk">S_ystém</text>
	        <text xml:lang="sl">_Sistem</text>
	        <text xml:lang="sv">S_ystem</text>
	        <text xml:lang="vi">_Hệ thống</text>
	        <text xml:lang="zh_CN">系统(_Y)</text>
	        <text xml:lang="zh_TW">系統(_Y)</text>


							</item>
						</box>
					</item>
					<item type="rect" id="disconnect_button" button="true">
						<show modes="flexi,remote"/>
						<pos y="50%" anchor="w" width="box" height="box"/>
						<box orientation="horizontal" spacing="10" xpadding="10" ypadding="50">
							<item type="pixmap">
								<normal file="options.png" tint="#707070"/>
								<prelight file="options.png"/>
								<active file="options.png" tint="#cccccc"/>
								<pos y="50%" anchor="w"/>
							</item>
							<item type="label">
								<normal color="#909090" font="Sans Bold 21"/>
								<prelight color="#ffffff" font="Sans Bold 21"/>
								<active color="#cccccc" font="Sans Bold 21"/>
								<pos y="50%" anchor="w"/>

	        <text>D_isconnect</text>
	        <text xml:lang="bg">Р_азкачва</text>
	        <text xml:lang="ca">_Desconnecta</text>
	        <text xml:lang="cs">Odpoj_it se</text>
	        <text xml:lang="da">_Frakobl</text>
	        <text xml:lang="de">_Trennen</text>
	        <text xml:lang="el">_Αποσύνδεση</text>
	        <text xml:lang="es">D_esconectar</text>
	        <text xml:lang="et">_Lahuta ühendus</text>
	        <text xml:lang="fi">_Katkaise yhteys</text>
	        <text xml:lang="fr">_Déconnecter</text>
	        <text xml:lang="gl">D_esconectar</text>
	        <text xml:lang="hu">_Szétkapcsolódás</text>
	        <text xml:lang="ja">接続切断(_i)</text>
	        <text xml:lang="ko">연결 해제(_I)</text>
	        <text xml:lang="lt">A_tsijungti</text>
	        <text xml:lang="lv">A_tslēgties</text>
	        <text xml:lang="ms">P_utus</text>
	        <text xml:lang="nl">Verbreek verb_inding</text>
	        <text xml:lang="no">Ko_ble fra</text>
	        <text xml:lang="pl">_Rozłącz</text>
	        <text xml:lang="pt">Desl_igar</text>
	        <text xml:lang="pt_BR">D_esconectar</text>
	        <text xml:lang="ru">_Отключиться</text>
	        <text xml:lang="sk">_Odpojiť</text>
	        <text xml:lang="sl">O_dklopi se</text>
	        <text xml:lang="sv">_Koppla från</text>
	        <text xml:lang="vi">N_gắt kết nối</text>
	        <text xml:lang="zh_CN">断开连接(_I)</text>
	        <text xml:lang="zh_TW">中斷連線(_I)</text>

								<show modes="remote"/>
							</item>
							<item type="label">
								<normal color="#909090" font="Sans Bold 21"/>
								<prelight color="#ffffff" font="Sans Bold 21"/>
								<active color="#cccccc" font="Sans Bold 21"/>
								<pos y="50%" anchor="w"/>

	        <text>_Quit</text>
	        <text xml:lang="bg">_Напуска</text>
	        <text xml:lang="ca">_Surt</text>
	        <text xml:lang="cs">_Konec</text>
	        <text xml:lang="da">_Afslut</text>
	        <text xml:lang="de">_Beenden</text>
	        <text xml:lang="el">_Τερματισμός</text>
	        <text xml:lang="es">_Salir</text>
	        <text xml:lang="et">L_õpeta</text>
	        <text xml:lang="fi">_Lopeta</text>
	        <text xml:lang="fr">_Quitter</text>
	        <text xml:lang="gl">Saí_r</text>
	        <text xml:lang="hu">_Kilépés</text>
	        <text xml:lang="ja">終了(_Q)</text>
	        <text xml:lang="ko">끝내기(_Q)</text>
	        <text xml:lang="lt">Iš_eiti</text>
	        <text xml:lang="lv">_Iziet</text>
	        <text xml:lang="ms">_Keluar</text>
	        <text xml:lang="nl">_Afsluiten</text>
	        <text xml:lang="no">_Avslutt</text>
	        <text xml:lang="pl">Za_kończ</text>
	        <text xml:lang="pt">_Sair</text>
	        <text xml:lang="pt_BR">Sai_r</text>
	        <text xml:lang="ru">В_ыйти</text>
	        <text xml:lang="sk">_Koniec</text>
	        <text xml:lang="sl">_Izhod</text>
	        <text xml:lang="sv">_Avsluta</text>
	        <text xml:lang="vi">T_hoát</text>
	        <text xml:lang="zh_CN">退出(_Q)</text>
	        <text xml:lang="zh_TW">離開(_Q)</text>

								<show modes="flexi"/>
							</item>
						</box>
					</item>
				</box>
			</item>
		</fixed>
	</item>
	<item type="pixmap">
		<normal file="hamsa.png"/>
		<pos x="3%" y="0%" anchor="nw"/>
	</item>
	<item type="label" id="clock">
		<normal color="#909090" font="Sans Bold 21"/>
		<pos x="-20" y="-12" anchor="se"/>
		<text>%c</text>
	</item>


	<item type="rect" id="caps-lock-warning">
		<normal color="#FFFFFF" alpha="0.5"/>
		<pos anchor="c" x="50%" y="75%" width="box" height="box"/>
		<box orientation="vertical" min-width="400" xpadding="10" ypadding="5" spacing="0">
			<item type="label">
				<normal color="#000000" font="Sans Bold 21"/>
				<pos x="50%" anchor="n"/>
				<text>You've got capslock on!</text>
				<text xml:lang="bg">Вие имате включен &apos;capslock&apos;!</text>
				<text xml:lang="ca">Teniu capslock activat!</text>
				<text xml:lang="cs">Máte zapnut Caps Lock!</text>
				<text xml:lang="da">Caps lock-tasten er slået til!</text>
				<text xml:lang="de">Der Dauerumschalter ist aktiviert!</text>
				<text xml:lang="es">Tiene activado el bloqueo de mayúsculas.</text>
				<text xml:lang="et">Sul on caplock peal!</text>
				<text xml:lang="fi">Sinulla on caps lock päällä!</text>
				<text xml:lang="fr">Vous avez la touche Verr. Maj. activé !</text>
				<text xml:lang="gl">¡Tes bloqueo de maiúsculas activado!</text>
				<text xml:lang="hu">A capslock aktív!</text>
				<text xml:lang="ja">キャプスロックをONにしました!</text>
				<text xml:lang="ko">Caps Lock이 켜져 있습니다!</text>
				<text xml:lang="lt">Jūsų Caps Lock yra įjungtas!</text>
				<text xml:lang="lv">Tev ir ieslēgts capslock!</text>
				<text xml:lang="ms">Anda mempunyai capslock dihidupkan!</text>
				<text xml:lang="nl">Caps-lock staat aan!</text>
				<text xml:lang="no">Du har capslock på!</text>
				<text xml:lang="pl">Włączony jest klawisz Caps Lock!</text>
				<text xml:lang="pt">Tem o capslock ligado!</text>
				<text xml:lang="pt_BR">Você está com o capslock ligado!</text>
				<text xml:lang="ro">Aveţi tasta Caps Lock apasată!</text>
				<text xml:lang="ru">Клавиша &quot;Caps Lock&quot; была нажата!</text>
				<text xml:lang="sk">Máte zapnutý CAPS LOCK.</text>
				<text xml:lang="sl">Vključene imate velike črke!</text>
				<text xml:lang="sv">Du har CapsLock på!</text>
				<text xml:lang="vi">Bạn đang bật CapsLock!</text>
				<text xml:lang="zh_CN">您的 capslock 打开了！</text>
				<text xml:lang="zh_TW">請留意不要按下 capslock！</text>
			</item>
		</box>
	</item>

	<item type="rect" id="timed-rect">
		<show type="timed"/>
		<normal color="#FFFFFF" alpha="0.5"/>
		<pos anchor="c" x="50%" y="25%" width="box" height="box"/>
		<box orientation="vertical" min-width="400" xpadding="10" ypadding="5" spacing="0">
			<item type="label" id="timed-label">
				<normal color="#000000" font="Sans Bold 21"/>
				<pos x="50%" anchor="n"/>
				<text>User %s will login in %d seconds</text>
				<text xml:lang="az">%s istifadəçisi %d saniyə içində sistemə girəcəkdir</text>
				<text xml:lang="bg">Потребител %s ше влезе %d секунди</text>
				<text xml:lang="ca">L&apos;usuari %s entrarà en %d segons</text>
				<text xml:lang="cs">Uživatel %s bude přihlášen za %d vteřin</text>
				<text xml:lang="da">Brugeren %s logger på om %d sekunder</text>
				<text xml:lang="de">Benutzer %s wird in %d Sekunden angemeldet</text>
				<text xml:lang="es">El usuario %s accederá en %d segundos</text>
				<text xml:lang="et">Kasutaja %s logitakse sisse %d sekundi pärast</text>
				<text xml:lang="eu">%s erabiltzaileak %d segundo barru hasiko du saioa</text>
				<text xml:lang="fi">käyttäjä %s kirjautuu %d sekunnin kuluttua</text>
				<text xml:lang="fr">L&apos;utilisateur %s se connectera dans %d secondes</text>
				<text xml:lang="gl">A/O usuaria/o %s conectará en %d segundos</text>
				<text xml:lang="hu">%s felhasználó beléptetése %d másodperc múlva</text>
				<text xml:lang="ja">ユーザ%sは%d秒後にログイン</text>
				<text xml:lang="ko">사용자 %s은(는) %d 초 이내에 로그인 하여야 합니다</text>
				<text xml:lang="lt">Vartotojas %s bus prijungtas per %d sek.</text>
				<text xml:lang="lv">Lietotājs %s ielogosies %d sekundēs</text>
				<text xml:lang="ms">Pengguna %s akan logmasuk dalam %d saat</text>
				<text xml:lang="nl">Gebruiker %s wordt aangemeld over %d seconden</text>
				<text xml:lang="nn">Brukar %s vil logge inn om %d sekund</text>
				<text xml:lang="no">Bruker %s vil logge på om %d sekunder</text>
				<text xml:lang="pl">Użytkownik %s zostanie zalogowany w ciągu %d sekund</text>
				<text xml:lang="pt">Utilizador %s iniciará sessão em %d segundos</text>
				<text xml:lang="pt_BR">O usuário %s efetuará login em %d segundos</text>
				<text xml:lang="ro">Utilizatorul %s va fi logat în %d secunde</text>
				<text xml:lang="ru">Пользователь %s будет зарегестрирован в течении %d секунд</text>
				<text xml:lang="sk">Používateľ %s bude automaticky prihlásený za %d sekúnd</text>
				<text xml:lang="sl">Uporabnik %s se bo prijavil v %d sekundah</text>
				<text xml:lang="sv">Användaren %s kommer att logga in om %d sekunder</text>
				<text xml:lang="tr">%s kullanıcısı %d saniye içinde giriş yapacak</text>
				<text xml:lang="vi">Người dùng %s sẽ đăng nhập trong vòng %d giây</text>
				<text xml:lang="zh_CN">用户 %s 将在 %d 秒后登录</text>
				<text xml:lang="zh_TW">使用者 %s 將會在 %d 內登入</text>
			</item>
		</box>
	</item>

	<item type="rect">
		<pos anchor="c" x="50%" y="40%" width="box" height="box"/>
		<normal color="#FFC0FF" alpha="0.125"/>
		<box orientation="vertical" xpadding="1" ypadding="1" spacing="10">
			<item type="label">
				<pos anchor="n" x="50%" y="48%"/>
				<normal color="#ffffe0" font="Sans Bold Italic 24"/>
				<text>Welcome to %h</text>
				<text xml:lang="bg">Добре дошли в %h</text>
				<text xml:lang="ca">Benvingut a %h</text>
				<text xml:lang="cs">Vítejte na %h</text>
				<text xml:lang="da">Velkommen til %h</text>
				<text xml:lang="de">Willkommen auf %h</text>
				<text xml:lang="es">Bienvenido a %h</text>
				<text xml:lang="et">Tere tulemast masinasse %h</text>
				<text xml:lang="fi">%h - tervetuloa.</text>
				<text xml:lang="fr">Bienvenue sur %h</text>
				<text xml:lang="gl">Benvida/o a %h</text>
				<text xml:lang="hu">%h üdvözli Önt!</text>
				<text xml:lang="ja">%h へようこそ</text>
				<text xml:lang="ko">%h에 오신 것을 환영합니다</text>
				<text xml:lang="lt">Sveiki atvykę į %h</text>
				<text xml:lang="lv">Laipni lūgti %h</text>
				<text xml:lang="ms">Selamat Datang ke %h</text>
				<text xml:lang="nl">Welkom bij %h</text>
				<text xml:lang="no">Velkommen til %h</text>
				<text xml:lang="pl">Witaj w systemie %h</text>
				<text xml:lang="pt">Bem Vindo ao %h</text>
				<text xml:lang="pt_BR">Bem-vindo a %h</text>
				<text xml:lang="ro">Bine aţi venit la %h</text>
				<text xml:lang="ru">Добро пожаловать на сервер %h</text>
				<text xml:lang="sk">Víta vás %h</text>
				<text xml:lang="sl">Dobrodošli na %h</text>
				<text xml:lang="sv">Välkommen till %h</text>
				<text xml:lang="vi">Chào mừng tới %h</text>
				<text xml:lang="zh_CN">欢迎来到 %h</text>
				<text xml:lang="zh_TW">歡迎來到 %h</text>
			</item>

			<item type="rect">
				<normal color="#FF80FF" alpha="0.25"/>
				<pos anchor="c" x="50%" y="70%" width="box" height="box"/>
                                <fixed>
                                      <item type="pixmap">
                                         <pos anchor="ne" x="15" y="20" width="20" height="-35"/>
					 <normal file="shadow-l.png"/>
                                      </item>
                                      <item type="pixmap">
                                         <pos anchor="se" x="20" y="20" width="25" height="25"/>
					 <normal file="shadow-tl.png"/>
                                      </item>
                                      <item type="pixmap">
                                         <pos anchor="sw" x="20" y="15" width="-35" height="20"/>
					 <normal file="shadow-t.png"/>
                                      </item>
                                      <item type="pixmap">
                                         <pos anchor="sw" x="-15" y="20" width="25" height="25"/>
					 <normal file="shadow-tr.png"/>
                                      </item>
                                      <item type="pixmap">
                                         <pos anchor="sw" x="-10" y="-15" width="20" height="-35"/>
					 <normal file="shadow-r.png"/>
                                      </item>
                                      <item type="pixmap">
                                         <pos anchor="nw" x="-15" y="-15" width="25" height="25"/>
					 <normal file="shadow-br.png"/>
                                      </item>
                                      <item type="pixmap">
                                         <pos anchor="ne" x="-15" y="-10" width="-35" height="20"/>
					 <normal file="shadow-b.png"/>
                                      </item>
                                      <item type="pixmap">
                                         <pos anchor="ne" x="20" y="-15" width="25" height="25"/>
					 <normal file="shadow-bl.png"/>
                                      </item>
                                </fixed>
				<box orientation="vertical" xpadding="1" ypadding="1" spacing="10">
					<item type="rect">
						<normal color="#FFC0FF" alpha="0.25"/>
						<pos anchor="c" x="50%" y="50%" width="box" height="box"/>
						<box orientation="vertical" min-width="400" xpadding="50" ypadding="40" spacing="10">
							<item type="label" id="pam-prompt">
								<pos anchor="nw" x="10%"/>
								<normal color="#000000" font="Sans 16"/>
								<text>Username:</text>
								<text xml:lang="az">İstifadəçi Adı:</text>
								<text xml:lang="bg">Име:</text>
								<text xml:lang="ca">Nom d&apos;usuari:</text>
								<text xml:lang="cs">Uživatel:</text>
								<text xml:lang="da">Brugernavn:</text>
								<text xml:lang="de">Benutzername:</text>
								<text xml:lang="es">Nombre de usuario:</text>
								<text xml:lang="et">Kasutajanimi:</text>
								<text xml:lang="eu">Erabiltzaile-izena:</text>
								<text xml:lang="fi">Käyttäjätunnus:</text>
								<text xml:lang="fr">Identifiant :</text>
								<text xml:lang="gl">Usuaria/o:</text>
								<text xml:lang="hu">Felhasználó:</text>
								<text xml:lang="ja">ユーザID:</text>
								<text xml:lang="ko">사용자이름:</text>
								<text xml:lang="lt">Vartotojo vardas:</text>
								<text xml:lang="lv">Lietotājvārds:</text>
								<text xml:lang="ms">Nama Pengguna:</text>
								<text xml:lang="nl">Gebruikersnaam:</text>
								<text xml:lang="nn">Brukarnamn:</text>
								<text xml:lang="no">Brukernavn:</text>
								<text xml:lang="pl">Nazwa użytkownika:</text>
								<text xml:lang="pt">Utilizador:</text>
								<text xml:lang="pt_BR">Nome do usuário:</text>
								<text xml:lang="ro">Nume utilizator:</text>
								<text xml:lang="ru">Имя пользователя:</text>
								<text xml:lang="sk">Používateľské meno:</text>
								<text xml:lang="sl">Uporabniško ime:</text>
								<text xml:lang="sv">Användarnamn:</text>
								<text xml:lang="uk">Користувач:</text>
								<text xml:lang="vi">Tên người dùng:</text>
								<text xml:lang="zh_CN">用户名：</text>
								<text xml:lang="zh_TW">用戶名稱：</text>
							</item>
							<item type="rect">
								<normal color="#402040"/>
								<pos anchor="n" x="50%" height="30" width="80%"/>
								<fixed>
									<item type="entry" id="user-pw-entry">
										<pos anchor="nw" x="2" y="2" height="-4" width="-4"/>
									</item>
								</fixed>
							</item>
							<item type="label" id="pam-message">
								<pos anchor="n" x="50%"/>
								<normal color="#000000" font="Sans Bold 21"/>
								<text></text>
							</item>
						</box>
						<fixed>
							<item type="label" id="pam-error">
								<pos anchor="n" x="50%" y="110%"/>
								<normal color="#000000" font="Sans Bold 21"/>
								<text></text>
							</item>
						</fixed>
					</item>
				</box>
			</item>
		</box>
	</item>
</greeter>
